<?xml version="1.0" encoding="UTF-8"?>
<!DOCTYPE suite SYSTEM "http://testng.org/testng-1.0.dtd">
<suite thread-count="4" name="module1">
  <parameter name="xpathXLS" value="//src//resources//Locators.xls"/>
  <parameter name="tcSheetName" value="module1"/>
  <parameter name="filepath" value="NA"/>
  <parameter name="IBEurl" value="https://icargo-icapsit.lcag.fra.dlh.de/icargo/"/>
  <parameter name="IBETestData" value="//src//resources//TestData.xls"/>
  <parameter name="delayBwScript" value="1"/>
  <parameter name="screnshotfilepath" value="//src//resources//screenshots"/>
  <parameter name="language" value="English"/>
  <parameter name="gridFlag" value="false"/>
  <parameter name="url" value="https://icargo-icapsit.lcag.fra.dlh.de/icargo/"/>
  <test name="TC_12345">
    <parameter name="browser" value="Android_Native"/>
    <parameter name="description" value="Verify product information in check out screen and product search screen are same"/>
    <parameter name="testURL" value="https://icargo-icapsit.lcag.fra.dlh.de/icargo/"/>
    <parameter name="browserversion" value="66"/>
    <parameter name="testName" value="TC_12345"/>
    <classes>
      <class name="module1.TC_12345"/>
    </classes>
  </test> <!-- TC_12345 -->
</suite> <!-- module1 -->
