<?xml version="1.0" encoding="UTF-8"?><BookingRequest>
   <Remarks>
      <Remark>
         <Type>BLR</Type>
         <Text>Booking Level1</Text>
      </Remark>
      <Remark>
         <Type>BLR</Type>
         <Text>Booking Level2</Text>
      </Remark>
   </Remarks>
   <BookingCurrency>INR</BookingCurrency>
   <PointOfSale>
      <AgencyConsortium>Consortium</AgencyConsortium>
      <BookingChannelType>B2B</BookingChannelType>
      <customerProfileInd>false</customerProfileInd>
      <Brand>IBS</Brand>
      <CustomerProfileId>13614</CustomerProfileId>
      <ISOCurrency>USD</ISOCurrency>
      <Market>Asia</Market>
      <OrganizationalUnitCode>FNHR</OrganizationalUnitCode>
      <PseudoCityCode>A001</PseudoCityCode>
      <RequestTime>2015-10-07T00:00:00+05:30</RequestTime>
      <RequestTimeZone>GWT</RequestTimeZone>
      <RequestingUserID>A-6264</RequestingUserID>
      <RequestorId>HBSi</RequestorId>
      <RequestorType>AGENCY</RequestorType>
      <Role>BKGRole</Role>
   </PointOfSale>
   <Passengers>
      <Passenger RefId="1">
         <Remarks>
            <Remark>
               <Type>BLR</Type>
               <Text>Passenger Level1</Text>
            </Remark>
            <Remark>
               <Type>BLR</Type>
               <Text>Passenger Level2</Text>
            </Remark>
         </Remarks>
         <PaxType>A</PaxType>
         <Age>aaaa</Age>
         <CustomerProfileId>A-7464</CustomerProfileId>
         <Gender>M</Gender>
         <DateOfBirth>1971-03-08</DateOfBirth>
         <Title>MR</Title>
         <FirstName>Ajit</FirstName>
         <MiddleName>Jis</MiddleName>
         <LastName>Paul</LastName>
         <SurnameSuffix>Dr.</SurnameSuffix>
         <ResidenceCode>686513</ResidenceCode>
         <Language>Eng</Language>
         <Contacts>
            <Contact>
               <ContactType>H</ContactType>
               <Address>
                  <AddressLineOne>IBS software services</AddressLineOne>
                  <Street>kazhakkotam</Street>
                  <City>Trivandrum</City>
                  <ZipCode>688673</ZipCode>
                  <CountryName>India</CountryName>
                  <CountryCode>IN</CountryCode>
                  <CityCode>TRV</CityCode>
                  <StateProv>TRV CENTRAL</StateProv>
                  <County>IN</County>
               </Address>
               <Email>icommerce@ibstest.com</Email>
               <PhoneDetails>
                  <PhoneDetail>
                     <PhoneType>H</PhoneType>
                     <AreaCode>91</AreaCode>
                     <PhoneNumber>9763827832</PhoneNumber>
                     <PhoneTechType>MOBILE</PhoneTechType>
                  </PhoneDetail>
               </PhoneDetails>
            </Contact>
         </Contacts>
         <Loyalties>
            <Loyalty>
               <ProgrammCode>PC2342</ProgrammCode>
               <LoyaltyNumber>LN11</LoyaltyNumber>
               <ProductType>HTL</ProductType>
               <LoyaltyIssuer>ManojPA</LoyaltyIssuer>
            </Loyalty>
         </Loyalties>
         <TravelDocuments>
            <TravelDocument>
               <DocumentId>X3432</DocumentId>
               <DocumentType>PASSPORT</DocumentType>
               <IssueDate>18-05-2013</IssueDate>
               <IssueCountry>IN</IssueCountry>
               <ExpiryDate>18-05-2018</ExpiryDate>
               <IssueAuthority>INDIA</IssueAuthority>
               <PlaceOfBirth>Kottayam</PlaceOfBirth>
               <Nationality>Indian</Nationality>
               <Language>Malayalam</Language>
            </TravelDocument>
         </TravelDocuments>
         <Remarks>
            <Remark>
               <Type>CONFIDENTIAL</Type>
               <Text>Passenger Level</Text>
            </Remark>
         </Remarks>
      </Passenger>
   </Passengers>
   <Products>
      <Product RefId="710">
         <PassengerReferences>
            <PassengerReference ID="1"/>
         </PassengerReferences>
         <ProductType>AIR</ProductType>
         <Brand>Amadeus</Brand>
         <ProviderConfirmationId>PQR123</ProviderConfirmationId>
         <ProviderCode>1A</ProviderCode>
         <PriceCurrency>INR</PriceCurrency>
         <IsOfflineProduct>false</IsOfflineProduct>
         <ProductRemarks>
            <ProductRemark>
               <Type>CONFIDENTIAL</Type>
               <Text>Product Level</Text>
            </ProductRemark>
            <ProductRemark PaxRefId="1">
               <Type>CONFIDENTIAL</Type>
               <Text>Product Pax Level</Text>
            </ProductRemark>
         </ProductRemarks>
         <Air>
            <Query>
               <OrderItems>
                  <OfferItem refs="1">
                     <OfferItemID Owner="1A">ID1</OfferItemID>
                     <OfferItemType>
                        <DetailedFlightItem>
                           <Charges>
                              <Charge>
                                 <Currency>INR</Currency>
                                 <PaxType>ADULT</PaxType>
                                 <ChargeLevel>PerPax</ChargeLevel>
                                 <ChargeType>BASEFARE</ChargeType>
                                 <IsCommissionable>false</IsCommissionable>
                                 <BaseCost Amount="4000.0" Currency="INR"/>
                                 <BasePrice Amount="4000.0" Currency="INR"/>
                                 <GrossPrice Amount="4050.0" Currency="INR"/>
                                 <NetPrice Amount="4050.0" Currency="INR"/>
                                 <AgencyCommission Amount="0.0" Currency="INR"/>
                                 <VendorCommission Amount="0.0" Currency="INR"/>
                                 <MarkUp Amount="50.0" Currency="INR"/>
                              </Charge>
                              <Charge>
                                 <Currency>INR</Currency>
                                 <PaxType>ADULT</PaxType>
                                 <ChargeLevel>PerPax</ChargeLevel>
                                 <ChargeType>TAX</ChargeType>
                                 <IsCommissionable>false</IsCommissionable>
                                 <BaseCost Amount="165.0" Currency="INR"/>
                                 <BasePrice Amount="165.0" Currency="INR"/>
                                 <GrossPrice Amount="165.0" Currency="INR"/>
                                 <NetPrice Amount="165.0" Currency="INR"/>
                                 <AgencyCommission Amount="0.0" Currency="INR"/>
                                 <VendorCommission Amount="0.0" Currency="INR"/>
                                 <MarkUp Amount="0.0" Currency="INR"/>
                              </Charge>
                              <Charge>
                                 <Currency>INR</Currency>
                                 <PaxType>ADULT</PaxType>
                                 <ChargeLevel>PerPax</ChargeLevel>
                                 <ChargeType>SURCHARGE</ChargeType>
                                 <IsCommissionable>false</IsCommissionable>
                                 <BaseCost Amount="0.0" Currency="INR"/>
                                 <BasePrice Amount="0.0" Currency="INR"/>
                                 <GrossPrice Amount="0.0" Currency="INR"/>
                                 <NetPrice Amount="0.0" Currency="INR"/>
                                 <AgencyCommission Amount="0.0" Currency="INR"/>
                                 <VendorCommission Amount="0.0" Currency="INR"/>
                                 <MarkUp Amount="0.0" Currency="INR"/>
                              </Charge>
                           </Charges>
                           <Price>
                              <!--Flight Price for Adult-->
                              <BaseAmount Code="INR">3502.64</BaseAmount>
                           <!--   <Surcharges>
                                 <Surcharge>
                                    <Total Code="INR">86.41</Total>
                                    <Breakdown>
                                       <Fee>
                                          <Amount Code="INR">38.85</Amount>
                                       </Fee>
                                       <Fee>
                                          <Amount Code="INR">47.56</Amount>
                                       </Fee>
                                    </Breakdown>
                                 </Surcharge>
                              </Surcharges> -->
                              <Taxes>
                                 <Total Code="INR">83.28</Total>
                                 <Breakdown>
                                    <Tax refs="pax1">
                                       <Amount Code="INR">64.09</Amount>
                                       <TaxCode>UO</TaxCode>
                                       <Description>UO</Description>
                                    </Tax>
                                    <Tax refs="pax1">
                                       <Amount Code="INR">3.75</Amount>
                                       <TaxCode>WG</TaxCode>
                                       <Description>INTERNATIONAL SAFETY AND SECURITY CHARGE</Description>
                                    </Tax>
                                    <Tax refs="pax1">
                                       <Amount Code="INR">15.44</Amount>
                                       <TaxCode>QR</TaxCode>
                                       <Description>QR</Description>
                                    </Tax>
                                 </Breakdown>
                              </Taxes>
                           </Price>
                           <OriginDestination>
                              <OriginDestinationKey>OD1</OriginDestinationKey>
                              <TotalJourney>
                                 <Time>01.35</Time>
                                 <Distance>
                                    <Value>0456</Value>
                                 </Distance>
                              </TotalJourney>
                              <Flight>
                                 <SegmentKey>SEG1</SegmentKey>
                                 <!--<Indicators PricingInd="true"/>-->
                                 <Departure>
                                    <AirportCode>NRT</AirportCode>
                                    <Date>2017-07-08</Date>
                                    <Time>10:55</Time>
                                    <Terminal>
                                       <Gate>2</Gate>
                                    </Terminal>
                                 </Departure>
                                 <Arrival>
                                    <AirportCode>PVG</AirportCode>
                                    <Date>2017-07-08</Date>
                                    <Time>13:00</Time>
                                    <Terminal>
                                       <Gate>1</Gate>
                                    </Terminal>
                                 </Arrival>
                                 <MarketingCarrier>
                                    <AirlineID>MU</AirlineID>
                                    <FlightNumber>272</FlightNumber>
                                    <ResBookDesigCode>Y</ResBookDesigCode>
                                 </MarketingCarrier>
                                 <OperatingCarrier>
                                    <AirlineID>MU</AirlineID>
                                    <FlightNumber>272</FlightNumber>
                                 </OperatingCarrier>
                                 <Equipment>
                                    <AircraftCode>321</AircraftCode>
                                 </Equipment>
                                 <ClassOfService>
                                    <Code>M</Code>
                                    <MarketingName CabinDesignator="M"/>
                                 </ClassOfService>
                              </Flight>
                              <Flight>
                                 <SegmentKey>SEG2</SegmentKey>
                                 <Departure>
                                    <AirportCode>PVG</AirportCode>
                                    <Date>2017-07-08</Date>
                                    <Time>14:45</Time>
                                    <Terminal>
                                       <Gate>1</Gate>
                                    </Terminal>
                                 </Departure>
                                 <Arrival>
                                    <AirportCode>SIN</AirportCode>
                                    <Date>2017-07-08</Date>
                                    <Time>20:25</Time>
                                    <Terminal>
                                       <Gate>3</Gate>
                                    </Terminal>
                                 </Arrival>
                                 <MarketingCarrier>
                                    <AirlineID>MU</AirlineID>
                                    <FlightNumber>565</FlightNumber>
                                    <ResBookDesigCode>Y</ResBookDesigCode>
                                 </MarketingCarrier>
                                 <OperatingCarrier>
                                    <AirlineID>MU</AirlineID>
                                    <FlightNumber>565</FlightNumber>
                                 </OperatingCarrier>
                                 <Equipment>
                                    <AircraftCode>332</AircraftCode>
                                 </Equipment>
                                 <ClassOfService>
                                    <Code>M</Code>
                                    <MarketingName CabinDesignator="M"/>
                                 </ClassOfService>
                              </Flight>
                           </OriginDestination>
                           <OriginDestination>
                              <OriginDestinationKey>OD2</OriginDestinationKey>
                              <TotalJourney>
                                 <Time>01.35</Time>
                                 <Distance>
                                    <Value>0456</Value>
                                 </Distance>
                              </TotalJourney>
                              <Flight>
                                 <SegmentKey>SEG3</SegmentKey>
                                 <Departure>
                                    <AirportCode>SIN</AirportCode>
                                    <Date>2017-07-10</Date>
                                    <Time>23:25</Time>
                                    <Terminal>
                                       <Gate>3</Gate>
                                    </Terminal>
                                 </Departure>
                                 <Arrival>
                                    <AirportCode>PVG</AirportCode>
                                    <Date>2017-07-11</Date>
                                    <Time>04:55</Time>
                                    <Terminal>
                                       <Gate>1</Gate>
                                    </Terminal>
                                 </Arrival>
                                 <MarketingCarrier>
                                    <AirlineID>MU</AirlineID>
                                    <FlightNumber>566</FlightNumber>
                                    <ResBookDesigCode>Y</ResBookDesigCode>
                                 </MarketingCarrier>
                                 <OperatingCarrier>
                                    <AirlineID>MU</AirlineID>
                                    <FlightNumber>566</FlightNumber>
                                 </OperatingCarrier>
                                 <Equipment>
                                    <AircraftCode>332</AircraftCode>
                                 </Equipment>
                                 <ClassOfService>
                                    <Code>M</Code>
                                    <MarketingName CabinDesignator="M"/>
                                 </ClassOfService>
                              </Flight>
                              <Flight>
                                 <SegmentKey>SEG4</SegmentKey>
                                 <Departure>
                                    <AirportCode>PVG</AirportCode>
                                    <Date>2017-07-11</Date>
                                    <Time>09:10</Time>
                                    <Terminal>
                                       <Gate>1</Gate>
                                    </Terminal>
                                 </Departure>
                                 <Arrival>
                                    <AirportCode>NRT</AirportCode>
                                    <Date>2017-07-11</Date>
                                    <Time>12:50</Time>
                                    <Terminal>
                                       <Gate>2</Gate>
                                    </Terminal>
                                 </Arrival>
                                 <MarketingCarrier>
                                    <AirlineID>MU</AirlineID>
                                    <FlightNumber>523</FlightNumber>
                                    <ResBookDesigCode>Y</ResBookDesigCode>
                                 </MarketingCarrier>
                                 <OperatingCarrier>
                                    <AirlineID>MU</AirlineID>
                                    <FlightNumber>523</FlightNumber>
                                 </OperatingCarrier>
                                 <Equipment>
                                    <AircraftCode>332</AircraftCode>
                                 </Equipment>
                                 <ClassOfService>
                                    <Code>M</Code>
                                    <MarketingName CabinDesignator="M"/>
                                 </ClassOfService>
                              </Flight>
                           </OriginDestination>
                           <FareDetail>
                              <FareComponent>
                                 <!--OD wise split up of fares-->
                                 <SegmentReference>SEG1</SegmentReference>
                                 <PriceBreakdown>
                                    <Price>
                                       <BaseAmount Code="INR">1738</BaseAmount>
                                       <Surcharges>
                                          <Surcharge>
                                             <Total Code="INR">86.41</Total>
                                             <Breakdown>
                                                <Fee>
                                                   <Amount Code="INR">38.85</Amount>
                                                </Fee>
                                                <Fee>
                                                   <Amount Code="INR">47.56</Amount>
                                                </Fee>
                                             </Breakdown>
                                          </Surcharge>
                                       </Surcharges>
                                    </Price>
                                 </PriceBreakdown>
                                 <FareBasis>
                                    <FareBasisCode>
                                       <Code>MSAVER/WH</Code>
                                       <Application>Requested</Application>
                                    </FareBasisCode>
                                 </FareBasis>
                              </FareComponent>
                              <FareComponent>
                                 <!--OD wise split up of fares-->
                                 <SegmentReference>SEG2</SegmentReference>
                                 <PriceBreakdown>
                                    <Price>
                                       <BaseAmount Code="INR">1738</BaseAmount>
                                       <Surcharges>
                                          <Surcharge>
                                             <Total Code="INR">86.41</Total>
                                             <Breakdown>
                                                <Fee>
                                                   <Amount Code="INR">38.85</Amount>
                                                </Fee>
                                                <Fee>
                                                   <Amount Code="INR">47.56</Amount>
                                                </Fee>
                                             </Breakdown>
                                          </Surcharge>
                                       </Surcharges>
                                    </Price>
                                 </PriceBreakdown>
                                 <FareBasis>
                                    <FareBasisCode>
                                       <Code>MSAVER/WH</Code>
                                       <Application>Requested</Application>
                                    </FareBasisCode>
                                 </FareBasis>
                              </FareComponent>
                              <FareComponent>
                                 <!--OD wise split up of fares-->
                                 <SegmentReference>SEG3</SegmentReference>
                                 <PriceBreakdown>
                                    <Price>
                                       <BaseAmount Code="INR">1738</BaseAmount>
                                       <Surcharges>
                                          <Surcharge>
                                             <Total Code="INR">86.41</Total>
                                             <Breakdown>
                                                <Fee>
                                                   <Amount Code="INR">38.85</Amount>
                                                </Fee>
                                                <Fee>
                                                   <Amount Code="INR">47.56</Amount>
                                                </Fee>
                                             </Breakdown>
                                          </Surcharge>
                                       </Surcharges>
                                    </Price>
                                 </PriceBreakdown>
                                 <FareBasis>
                                    <FareBasisCode>
                                       <Code>MSAVER/WH</Code>
                                       <Application>Requested</Application>
                                    </FareBasisCode>
                                 </FareBasis>
                              </FareComponent>
                              <FareComponent>
                                 <!--OD wise split up of fares-->
                                 <SegmentReference>SEG4</SegmentReference>
                                 <PriceBreakdown>
                                    <Price>
                                       <BaseAmount Code="INR">1738</BaseAmount>
                                       <Surcharges>
                                          <Surcharge>
                                             <Total Code="INR">86.41</Total>
                                             <Breakdown>
                                                <Fee>
                                                   <Amount Code="INR">38.85</Amount>
                                                </Fee>
                                                <Fee>
                                                   <Amount Code="INR">47.56</Amount>
                                                </Fee>
                                             </Breakdown>
                                          </Surcharge>
                                       </Surcharges>
                                    </Price>
                                 </PriceBreakdown>
                                 <FareBasis>
                                    <FareBasisCode>
                                       <Code>MSAVER/WH</Code>
                                       <Application>Requested</Application>
                                    </FareBasisCode>
                                 </FareBasis>
                              </FareComponent>
                              <TourCode>749</TourCode>
                           </FareDetail>
                        </DetailedFlightItem>
                     </OfferItemType>
                     <TimeLimits>
                        <TimeLimit>
                           <TicketByTimeLimit>
                              <TicketBy>2017-11-01T12:52:21</TicketBy>
                           </TicketByTimeLimit>
                        </TimeLimit>
                     </TimeLimits>
                  </OfferItem>
				
               </OrderItems>
               <DataLists>
                  <OriginDestinationList>
                     <OriginDestination OriginDestinationKey="OD1">
                        <DepartureCode>NRT</DepartureCode>
                        <ArrivalCode>SIN</ArrivalCode>
                        <FlightReferences>AMADEUS11OD1FL1</FlightReferences>
                     </OriginDestination>
                     <OriginDestination OriginDestinationKey="OD2">
                        <DepartureCode>NRT</DepartureCode>
                        <ArrivalCode>SIN</ArrivalCode>
                        <FlightReferences>AMADEUS11OD1FL2</FlightReferences>
                     </OriginDestination>
                  </OriginDestinationList>
                  <FlightList>
                     <Flight FlightKey="AMADEUS11OD1FL1">
                        <SegmentReferences>SEG1 SEG2</SegmentReferences>
                     </Flight>
                     <Flight FlightKey="AMADEUS11OD1FL2">
                        <SegmentReferences>SEG3 SEG4</SegmentReferences>
                     </Flight>
                  </FlightList>
               </DataLists>
            </Query>
            <TotalPrice>
               <Currency>INR</Currency>
               <BaseCost Amount="8330.0" Currency="INR"/>
               <BasePrice Amount="8330.0" Currency="INR"/>
               <Discount Amount="0.0" Currency="INR"/>
               <GrossPrice Amount="8430.0" Currency="INR"/>
               <NetPrice Amount="8430.0" Currency="INR"/>
               <AgencyCommission Amount="0.0" Currency="INR"/>
               <VendorCommission Amount="0.0" Currency="INR"/>
               <MarkUp Amount="100.0" Currency="INR"/>
               <GrossMargin Amount="100.0" Currency="INR"/>
               <NetMargin Amount="100.0" Currency="INR"/>
               <GrossMarginPct Amount="1.19" Currency="INR"/>
               <NetMarginPct Amount="1.19" Currency="INR"/>
            </TotalPrice>
         </Air>
      </Product>
   </Products>
   <Payments>
      <Payment>
         <FopCode>FOP001</FopCode>
         <FopType>CA</FopType>
         <Cash>
            <referenceNumber>1234</referenceNumber>
         </Cash>
         <PaymentAmount Amount="20000.00" Currency="AUD"/>
         <PaymentId>0</PaymentId>
      </Payment>
   </Payments>
</BookingRequest>