<?xml version="1.0" encoding="UTF-8"?>
<ModifyBookingRequest>
	<SuperPnrNumber>QJA2A2</SuperPnrNumber>
	<Version>1495773750500</Version>
	<BookingCurrency>USD</BookingCurrency>
	<SkipConsistenyCheckInd>true</SkipConsistenyCheckInd>
	<PointOfSale>
		<pnrPosId>58398</pnrPosId>
		<ISOCurrency>USD</ISOCurrency>
		<PseudoCityCode>A001</PseudoCityCode>
		<RequestTime>2015-10-07T00:00:00+05:30</RequestTime>
		<RequestTimeZone>GWT</RequestTimeZone>
		<RequestorType>AGENCY</RequestorType>
		<RequestorId>HBSi</RequestorId>
		<RequestingUserID>A-6264</RequestingUserID>
		<BookingChannelType>B2B</BookingChannelType>
		<Market>Asia</Market>
		<AgencyConsortium>Consortium</AgencyConsortium>
		<OrganizationalUnitCode>FNHR</OrganizationalUnitCode>
		<Role>BKGRole</Role>
		<Brand>IBS</Brand>
		<BookingContact>
			<FirstName>Aleenddd</FirstName>
			<LastName>matt</LastName>
			<Email>yuy55ui1@ibstest.com</Email>
			<PhoneNumber>9675346578</PhoneNumber>
			<Language>ENG</Language>
			<AddressLineOne>Nandanam</AddressLineOne>
			<Street>Amritha Nagar</Street>
			<City>Trivandrum</City>
			<StateProv>TRV CENTRAL</StateProv>
			<ZipCode>688673</ZipCode>
		</BookingContact>
		<CreateCustomerProfileInd>false</CreateCustomerProfileInd>
		<ProfileType>CUSTOMERPROFILE</ProfileType>
	</PointOfSale>
	<Passengers>
		<Passenger RefId="194094973">
			<PaxType>A</PaxType>
			<Age>50</Age>
			<CustomerProfileId>A-7290</CustomerProfileId>
			<Gender>M</Gender>
			<DateOfBirth>1972-12-01</DateOfBirth>
			<Title>MR</Title>
			<FirstName>Albin</FirstName>
			<MiddleName>Jis</MiddleName>
			<LastName>Paul</LastName>
			<AssociatedPaxRefId>-1</AssociatedPaxRefId>
			<Language>Eng</Language>
			<Status>ACTIVE</Status>
			<IsLeadPassenger>true</IsLeadPassenger>
			<PhysChallengedInd>false</PhysChallengedInd>
			<CustomerProfileCreationInd>false</CustomerProfileCreationInd>
			<Contacts>
				<Contact ID="0">
					<ContactType>H</ContactType>
					<Address>
						<AddressLineOne>IBS software services</AddressLineOne>
						<Street>kazhakkotam</Street>
						<City>Trivandrum</City>
						<ZipCode>688673</ZipCode>
						<CountryName>India</CountryName>
						<CountryCode>IN</CountryCode>
						<CityCode>TRV</CityCode>
						<StateProv>TRV CENTRAL</StateProv>
						<County>IN</County>
					</Address>
					<Email>itraveltest@ibstest.com</Email>
					<PhoneDetails>
						<PhoneDetail IsPrimary="true">
							<PhoneType>O</PhoneType>
							<PhoneNumber>9763827832</PhoneNumber>
							<AreaCode>91</AreaCode>
						</PhoneDetail>
						<PhoneDetail IsPrimary="false">
							<PhoneType>H</PhoneType>
							<PhoneNumber>9763827835</PhoneNumber>
							<AreaCode>91</AreaCode>
						</PhoneDetail>
					</PhoneDetails>
				</Contact>
			</Contacts>
			<Loyalties>
				<Loyalty ID="0">
					<ProgrammCode>PC2342</ProgrammCode>
					<LoyaltyNumber>LN11</LoyaltyNumber>
					<ProductType>AIR</ProductType>
				</Loyalty>
			</Loyalties>
			<TravelDocuments>
				<TravelDocument ID="0">
					<DocumentId>X3432</DocumentId>
					<DocumentType>PASSPORT</DocumentType>
					<IssueCountry>IN</IssueCountry>
					<IssueAuthority>INDIA</IssueAuthority>
					<PlaceOfBirth>Kottayam</PlaceOfBirth>
					<Nationality>Indian</Nationality>
					<Language>Malayalam</Language>
				</TravelDocument>
			</TravelDocuments>
			<Remarks>
				<Remark ID="0">
					<Type>CONFIDENTIAL</Type>
					<Text>Passenger Level</Text>
					<CreatedBy>Renjini</CreatedBy>
					<CreatedOn>2017-05-26T04:42:30.113Z</CreatedOn>
					<IsEdited>false</IsEdited>
				</Remark>
			</Remarks>
			<IsSeated>false</IsSeated>
		</Passenger>
	</Passengers>
	<ProductRequests>
		<ProductRequest Action="ADD">
			<Product RefId="710">
				<PassengerReferences>
					<PassengerReference ID="194094973" />
				</PassengerReferences>
				<ProductType>AIR</ProductType>
				<Brand>Amadeus</Brand>
				<IsOfflinePaymentCollected>false</IsOfflinePaymentCollected>
				<ProviderCode>1A</ProviderCode>
				<PriceCurrency>USD</PriceCurrency>
				<IsOfflineProduct>true</IsOfflineProduct>
				<ProductRemarks>
					<ProductRemark>
						<Type>CONFIDENTIAL</Type>
						<Text>Product Level</Text>
					</ProductRemark>
				</ProductRemarks>
				<Air>
					<Query>
						<OrderItems>
							<OfferItem refs="194094973">
								<OfferItemID Owner="1A">ID1</OfferItemID>
								<OfferItemType>
									<DetailedFlightItem>
										<Charges>
											<Charge>
												<Currency>USD</Currency>
												<PaxType>ADULT</PaxType>
												<ChargeLevel>PerPax</ChargeLevel>
												<ChargeType>TAX</ChargeType>
												<isCommissionable>true</isCommissionable>
												<BaseCost Amount="121.77" Currency="USD" />
												<BasePrice Amount="121.77" Currency="USD" />
												<GrossPrice Amount="121.77" Currency="USD" />
												<NetPrice Amount="121.77" Currency="USD" />
												<AgencyCommission Amount="0.0" Currency="USD" />
												<VendorCommission Amount="0.0" Currency="USD" />
												<MarkUp Amount="0.0" Currency="USD" />
											</Charge>
											<Charge>
												<Currency>USD</Currency>
												<ChargeLevel>Once</ChargeLevel>
												<ChargeType>TAX</ChargeType>
												<isCommissionable>true</isCommissionable>
												<BaseCost Amount="121.77" Currency="USD" />
												<BasePrice Amount="121.77" Currency="USD" />
												<GrossPrice Amount="121.77" Currency="USD" />
												<NetPrice Amount="121.77" Currency="USD" />
												<AgencyCommission Amount="0.0" Currency="USD" />
												<VendorCommission Amount="0.0" Currency="USD" />
												<MarkUp Amount="0.0" Currency="USD" />
											</Charge>
										</Charges>
										<Price>

											<BaseAmount Code="INR">3502.64</BaseAmount>
											<Surcharges>
												<Surcharge>
													<Total Code="INR">86.41</Total>
													<Breakdown>
														<Fee>
															<Amount Code="INR">38.85</Amount>
														</Fee>
														<Fee>
															<Amount Code="INR">47.56</Amount>
														</Fee>
													</Breakdown>
												</Surcharge>
											</Surcharges>
											<Taxes>
												<Total Code="INR">83.28</Total>
												<Breakdown>
													<Tax refs="pax1">
														<Amount Code="INR">64.09</Amount>
														<TaxCode>UO</TaxCode>
														<Description>UO</Description>
													</Tax>
													<Tax refs="pax1">
														<Amount Code="INR">3.75</Amount>
														<TaxCode>WG</TaxCode>
														<Description>INTERNATIONAL SAFETY AND SECURITY CHARGE
														</Description>
													</Tax>
													<Tax refs="pax1">
														<Amount Code="INR">15.44</Amount>
														<TaxCode>QR</TaxCode>
														<Description>QR</Description>
													</Tax>
												</Breakdown>
											</Taxes>
										</Price>
										<OriginDestination>
											<OriginDestinationKey>OD1</OriginDestinationKey>
											<TotalJourney>
												<Time>01.35</Time>
												<Distance>
													<Value>0456</Value>
												</Distance>
											</TotalJourney>
											<Flight>
												<SegmentKey>SEG1</SegmentKey>
												<Indicators PricingInd="true" />
												<Departure>
													<AirportCode>LHR</AirportCode>
													<Date>2017-12-22</Date>
													<Time>20:45</Time>
													<Terminal>
														<Gate>4</Gate>
													</Terminal>
												</Departure>
												<Arrival>
													<AirportCode>AUH</AirportCode>
													<Date>2017-12-23</Date>
													<Time>07:05</Time>
													<Terminal>
														<Gate>3</Gate>
													</Terminal>
												</Arrival>
												<MarketingCarrier>
													<AirlineID>EY</AirlineID>
													<FlightNumber>18</FlightNumber>
													<ResBookDesigCode>U</ResBookDesigCode>
												</MarketingCarrier>
												<OperatingCarrier>
													<AirlineID>EY</AirlineID>
													<FlightNumber>18</FlightNumber>
												</OperatingCarrier>
												<Equipment>
													<AircraftCode>388</AircraftCode>
												</Equipment>

												<ClassOfService>
													<Code>M</Code>
													<MarketingName CabinDesignator="M" />
												</ClassOfService>
											</Flight>
										</OriginDestination>
										<FareDetail>
											<FareComponent>

												<SegmentReference>SEG1</SegmentReference>
												<PriceBreakdown>
													<Price>
														<BaseAmount Code="INR">1738</BaseAmount>
														<Surcharges>
															<Surcharge>
																<Total Code="INR">86.41</Total>
																<Breakdown>
																	<Fee>
																		<Amount Code="INR">38.85</Amount>
																	</Fee>
																	<Fee>
																		<Amount Code="INR">47.56</Amount>
																	</Fee>
																</Breakdown>
															</Surcharge>
														</Surcharges>
													</Price>
												</PriceBreakdown>
												<FareBasis>
													<FareBasisCode>
														<Code>MSAVER/WH</Code>
														<Application>Requested</Application>
													</FareBasisCode>
												</FareBasis>
											</FareComponent>

											<TourCode>749</TourCode>
										</FareDetail>
									</DetailedFlightItem>
								</OfferItemType>
								<TimeLimits>
									<TimeLimit>
										<TicketByTimeLimit>
											<TicketBy>2017-11-01T12:52:21</TicketBy>
										</TicketByTimeLimit>
									</TimeLimit>
								</TimeLimits>
							</OfferItem>

						</OrderItems>
						<DataLists>
							<OriginDestinationList>
								<OriginDestination OriginDestinationKey="OD1">
									<DepartureCode>TRV</DepartureCode>
									<ArrivalCode>DXB</ArrivalCode>
									<FlightReferences>AMADEUS11OD1FL1</FlightReferences>
								</OriginDestination>

							</OriginDestinationList>
							<FlightList>
								<Flight FlightKey="AMADEUS11OD1FL1">
									<SegmentReferences>SEG1</SegmentReferences>
								</Flight>
							</FlightList>
						</DataLists>
					</Query>
					<TotalPrice>
						<Currency>USD</Currency>
						<BaseCost Amount="243.54" Currency="USD" />
						<BasePrice Amount="243.54" Currency="USD" />
						<Discount Amount="0.0" Currency="USD" />
						<GrossPrice Amount="243.54" Currency="USD" />
						<NetPrice Amount="243.54" Currency="USD" />
						<AgencyCommission Amount="0.0" Currency="USD" />
						<VendorCommission Amount="0.0" Currency="USD" />
						<MarkUp Amount="0.0" Currency="USD" />
						<GrossProfit Amount="0.0" Currency="USD" />
						<NetProfit Amount="0.0" Currency="USD" />
						<GrossProfitMargin Amount="0.0" Currency="USD" />
						<NetProfitMargin Amount="0.0" Currency="USD" />
					</TotalPrice>
				</Air>
			</Product>
		</ProductRequest>
	</ProductRequests>
</ModifyBookingRequest>