<BLSearchRQ>
   <ProviderCode>1A</ProviderCode>
   <Data>
      <AirShoppingRQ>
         <PointOfSale>
            <RequestTime Zone="EST">2015-02-01T07:38:00</RequestTime>
            <Location>
               <CountryCode>US</CountryCode>
               <CityCode>WAS</CityCode>
            </Location>
            <TouchPoint>
               <Device>
                  <Code>2</Code>
                  <Definition>Web Browser</Definition>
                  <Position>
                     <Latitude>38.89756</Latitude>
                     <Longitude>-77.03650</Longitude>
                     <NAC>8KD7V PGGM0</NAC>
                  </Position>
               </Device>
               <Event>
                  <Code>9</Code>
                  <Definition>Shop</Definition>
               </Event>
            </TouchPoint>
         </PointOfSale>
         <Parameters>
            <Pricing>
               <OverrideCurrency>JPY</OverrideCurrency>
            </Pricing>
            <CurrCodes>
               <CurrCode>XXX</CurrCode>
            </CurrCodes>
         </Parameters>
         <Party>
            <Sender>
               <AggregatorSender>
                  <Name>Worldspan</Name>
                  <Category>
                     <Code>M</Code>
                     <Definition>NDC aggregator</Definition>
                  </Category>
                  <AggregatorID>1P</AggregatorID>
               </AggregatorSender>
               <TravelAgencySender>
                  <AgencyID>myYatra</AgencyID>
               </TravelAgencySender>
            </Sender>
            <Participants>
               <Participant>
                  <TravelAgencyParticipant SequenceNumber="1">
                     <Name>USD Travel</Name>
                     <Type>TravelAgency</Type>
                     <Contacts>
                        <Contact>
                           <EmailContact>
                              <Address>ndc@usdtravel.com</Address>
                           </EmailContact>
                        </Contact>
                     </Contacts>
                     <PseudoCity>1F8</PseudoCity>
                     <IATA_Number>2212345</IATA_Number>
                     <AgencyID Owner="LH">1001</AgencyID>
                     <AgentUser>
                        <Name>John Smith</Name>
                        <AgentUserID>1980</AgentUserID>
                        <UserRole>Admin</UserRole>
                     </AgentUser>
                  </TravelAgencyParticipant>
               </Participant>
            </Participants>
         </Party>
         <Document>
            <Name>LH NDC GATEWAY</Name>
            <ReferenceVersion>1.0</ReferenceVersion>
         </Document>
        <Travellers>
            <Traveller>
               <AnonymousTraveller>
                  <PTC Quantity="1">ADT</PTC>
               </AnonymousTraveller>
            </Traveller>
         </Travellers>
         <CoreQuery>
            <Attribute>
               <OriginDestination>
                  <Departure>
                     <AirportCode>TRV</AirportCode>
                     <Date>2017-10-10</Date>
                  </Departure>
                  <Arrival>
                     <AirportCode>COK</AirportCode>
                  </Arrival>
               </OriginDestination>               
            </Attribute>   

         </CoreQuery>
         <Preferences>
            <Preference>
               <AirlinePreferences>
                  <Airline PreferencesLevel="Required">
                     <AirlineID>AI</AirlineID>
                  </Airline>
               </AirlinePreferences>
               <CabinPreferences>
			    <CabinType refs="OD1">
                        <Code>M</Code>
                </CabinType>
               </CabinPreferences>
            </Preference>
         </Preferences>
      </AirShoppingRQ>
   </Data>
</BLSearchRQ>
